time,DRB.UEThpDl
2024-05-24T07:13:39.208935Z,0.0
2024-05-24T07:13:40.433344Z,0.0
2024-05-24T07:13:41.688773Z,0.0
2024-05-24T07:13:43.196388Z,1048.0
2024-05-24T07:13:45.240730Z,3144.0
2024-05-24T07:13:47.111496Z,4716.0
2024-05-24T07:13:49.026789Z,4192.0
2024-05-24T07:13:51.054551Z,3144.0
2024-05-24T07:13:53.014108Z,1048.0
2024-05-24T07:13:54.975495Z,5240.0
2024-05-24T07:13:56.892100Z,5764.0
2024-05-24T07:13:58.814449Z,5764.0
2024-05-24T07:14:00.756198Z,3668.0
2024-05-24T07:14:02.707723Z,4192.0
2024-05-24T07:14:04.690216Z,5764.0
2024-05-24T07:14:06.627318Z,1572.0
2024-05-24T07:14:08.525016Z,1572.0
2024-05-24T07:14:10.460120Z,6812.0
2024-05-24T07:14:12.445440Z,3144.0
2024-05-24T07:14:14.434671Z,5240.0
2024-05-24T07:14:16.364177Z,4192.0
2024-05-24T07:14:18.285687Z,5240.0
2024-05-24T07:14:20.273969Z,1048.0
2024-05-24T07:14:22.268653Z,0.0
2024-05-24T07:14:24.327381Z,1572.0
2024-05-24T07:14:26.363787Z,1572.0
2024-05-24T07:14:28.355006Z,1048.0
2024-05-24T07:14:30.338779Z,0.0
2024-05-24T07:14:30.362800Z,0.0
2024-05-24T07:14:32.381253Z,2620.0
2024-05-24T07:14:34.316993Z,4192.0
2024-05-24T07:14:36.300716Z,4192.0
2024-05-24T07:14:38.286791Z,3144.0
2024-05-24T07:14:40.193284Z,3668.0
2024-05-24T07:14:42.163843Z,3668.0
2024-05-24T07:14:44.175419Z,2096.0
2024-05-24T07:14:46.144655Z,1572.0
2024-05-24T07:14:48.104862Z,1572.0
2024-05-24T07:14:50.076392Z,2096.0
2024-05-24T07:14:51.986177Z,4192.0
2024-05-24T07:14:53.940898Z,2096.0
2024-05-24T07:14:55.947296Z,3668.0
2024-05-24T07:14:58.022282Z,3144.0
2024-05-24T07:15:00.042279Z,3144.0
2024-05-24T07:15:02.171977Z,7859.0
2024-05-24T07:15:04.354610Z,7336.0
2024-05-24T07:15:06.618780Z,6288.0
2024-05-24T07:15:08.884658Z,6812.0
2024-05-24T07:15:11.130972Z,0.0
2024-05-24T07:15:13.395652Z,4192.0
2024-05-24T07:15:15.600612Z,4192.0
2024-05-24T07:15:17.804508Z,2096.0
2024-05-24T07:15:20.001545Z,2620.0
2024-05-24T07:15:22.200933Z,2096.0
2024-05-24T07:15:24.396475Z,1048.0
2024-05-24T07:15:26.681828Z,2620.0
2024-05-24T07:15:28.997214Z,2096.0
2024-05-24T07:15:31.229340Z,4192.0
2024-05-24T07:15:33.485699Z,2096.0
2024-05-24T07:15:35.713721Z,0.0
2024-05-24T07:15:37.981724Z,1048.0
2024-05-24T07:15:40.048453Z,0.0
2024-05-24T07:15:42.139334Z,0.0
2024-05-24T07:15:44.229194Z,0.0
2024-05-24T07:15:46.234114Z,0.0
2024-05-24T07:15:48.198111Z,0.0
2024-05-24T07:15:50.151640Z,0.0
2024-05-24T07:15:52.175983Z,0.0
2024-05-24T07:15:54.189196Z,524.0
2024-05-24T07:15:56.287885Z,524.0
2024-05-24T07:15:58.454305Z,3144.0
2024-05-24T07:16:00.494492Z,524.0
2024-05-24T07:16:02.547636Z,524.0
2024-05-24T07:16:04.634894Z,1572.0
2024-05-24T07:16:06.855160Z,524.0
2024-05-24T07:16:08.980182Z,0.0
2024-05-24T07:16:11.009231Z,0.0
2024-05-24T07:16:13.043996Z,0.0
2024-05-24T07:16:15.053680Z,0.0
2024-05-24T07:16:15.078780Z,0.0
2024-05-24T07:16:17.363492Z,1572.0
2024-05-24T07:16:19.447041Z,2620.0
2024-05-24T07:16:21.491180Z,2096.0
2024-05-24T07:16:23.533008Z,2620.0
2024-05-24T07:16:25.694467Z,2620.0
2024-05-24T07:16:27.892898Z,1048.0
2024-05-24T07:16:30.057334Z,2096.0
2024-05-24T07:16:32.202117Z,2620.0
2024-05-24T07:16:34.312581Z,2096.0
2024-05-24T07:16:36.414381Z,2096.0
2024-05-24T07:16:38.641072Z,3144.0
2024-05-24T07:16:40.733752Z,2620.0
2024-05-24T07:16:42.724703Z,1572.0
2024-05-24T07:16:44.866216Z,2096.0
2024-05-24T07:16:46.938347Z,2096.0
2024-05-24T07:16:49.016381Z,2620.0
2024-05-24T07:16:51.025675Z,2096.0
2024-05-24T07:16:53.102467Z,2096.0
2024-05-24T07:16:55.310759Z,2096.0
2024-05-24T07:16:57.545883Z,0.0
2024-05-24T07:16:59.738445Z,7859.0
2024-05-24T07:17:01.951243Z,3144.0
2024-05-24T07:17:04.084887Z,7859.0
2024-05-24T07:17:06.075358Z,8384.0
2024-05-24T07:17:08.157366Z,4716.0
2024-05-24T07:17:10.238421Z,3144.0
2024-05-24T07:17:12.239063Z,4192.0
2024-05-24T07:17:14.247981Z,2620.0
2024-05-24T07:17:16.219424Z,3144.0
2024-05-24T07:17:18.529251Z,2620.0
2024-05-24T07:17:20.670883Z,2096.0
2024-05-24T07:17:22.791195Z,524.0
2024-05-24T07:17:24.934061Z,2620.0
2024-05-24T07:17:27.108040Z,7336.0
2024-05-24T07:17:29.261325Z,3144.0
2024-05-24T07:17:31.345797Z,6288.0
2024-05-24T07:17:33.399089Z,5764.0
2024-05-24T07:17:35.451064Z,5764.0
2024-05-24T07:17:37.503541Z,5240.0
2024-05-24T07:17:39.512694Z,6812.0
2024-05-24T07:17:41.732810Z,5240.0
2024-05-24T07:17:43.905481Z,7859.0
2024-05-24T07:17:46.029871Z,8384.0
2024-05-24T07:17:48.469040Z,8908.0
2024-05-24T07:17:50.623678Z,7859.0
2024-05-24T07:17:52.965005Z,7336.0
2024-05-24T07:17:55.203516Z,5240.0
2024-05-24T07:17:57.441379Z,4716.0
2024-05-24T07:17:59.543160Z,6288.0
2024-05-24T07:18:01.535776Z,8384.0
2024-05-24T07:18:03.645629Z,9956.0
2024-05-24T07:18:05.797684Z,8908.0
2024-05-24T07:18:07.928363Z,8384.0
2024-05-24T07:18:10.109848Z,7859.0
2024-05-24T07:18:12.559671Z,3144.0
2024-05-24T07:18:15.017756Z,6288.0
2024-05-24T07:18:17.246758Z,5240.0
2024-05-24T07:18:19.472510Z,6812.0
2024-05-24T07:18:21.857059Z,6812.0
2024-05-24T07:18:24.253082Z,8384.0
2024-05-24T07:18:26.421461Z,5764.0
2024-05-24T07:18:28.609090Z,4192.0
2024-05-24T07:18:30.628294Z,0.0
2024-05-24T07:18:32.760526Z,3668.0
2024-05-24T07:18:34.805858Z,1048.0
2024-05-24T07:18:36.903106Z,2096.0
2024-05-24T07:18:39.098721Z,3668.0
2024-05-24T07:18:41.443469Z,4192.0
2024-05-24T07:18:43.409237Z,4716.0
2024-05-24T07:18:45.457328Z,0.0
2024-05-24T07:18:47.869869Z,3144.0
2024-05-24T07:18:50.251592Z,5240.0
2024-05-24T07:18:52.610773Z,5240.0
2024-05-24T07:18:54.879472Z,4716.0
2024-05-24T07:18:57.034849Z,5240.0
2024-05-24T07:18:59.449076Z,7859.0
2024-05-24T07:19:01.653824Z,8384.0
2024-05-24T07:19:03.739329Z,7336.0
2024-05-24T07:19:05.861296Z,8384.0
2024-05-24T07:19:08.031118Z,7336.0
2024-05-24T07:19:10.224207Z,7336.0
2024-05-24T07:19:12.319050Z,7336.0
2024-05-24T07:19:14.378478Z,5240.0
2024-05-24T07:19:16.510739Z,5240.0
2024-05-24T07:19:18.592066Z,7859.0
2024-05-24T07:19:20.791715Z,6288.0
2024-05-24T07:19:22.871861Z,4192.0
2024-05-24T07:19:24.887238Z,524.0
2024-05-24T07:19:27.473469Z,0.0
2024-05-24T07:19:29.986771Z,0.0
2024-05-24T07:19:32.192860Z,0.0
2024-05-24T07:19:34.776663Z,0.0
2024-05-24T07:19:36.980932Z,0.0
2024-05-24T07:19:39.185118Z,0.0
2024-05-24T07:19:41.742908Z,0.0
2024-05-24T07:19:41.772862Z,0.0
2024-05-24T07:19:44.369490Z,0.0
2024-05-24T07:19:46.778869Z,0.0
2024-05-24T07:19:49.127482Z,0.0
2024-05-24T07:19:51.380069Z,0.0
2024-05-24T07:19:54.175040Z,0.0
2024-05-24T07:19:56.605103Z,0.0
2024-05-24T07:19:58.963729Z,10480.0
2024-05-24T07:20:01.625213Z,4716.0
2024-05-24T07:20:03.952237Z,6812.0
2024-05-24T07:20:06.226207Z,6812.0
2024-05-24T07:20:08.905902Z,16768.0
2024-05-24T07:20:11.429801Z,26724.0
2024-05-24T07:20:14.385152Z,11004.0
2024-05-24T07:20:16.584078Z,18864.0
2024-05-24T07:20:18.667730Z,26200.0
2024-05-24T07:20:21.371390Z,22532.0
2024-05-24T07:20:24.023900Z,15196.0
2024-05-24T07:20:26.185841Z,37728.0
2024-05-24T07:20:29.020762Z,18340.0
2024-05-24T07:20:31.616182Z,0.0
2024-05-24T07:20:33.822490Z,0.0
2024-05-24T07:20:36.194691Z,0.0
2024-05-24T07:20:38.707405Z,0.0
2024-05-24T07:20:40.993376Z,0.0
2024-05-24T07:20:43.494417Z,0.0
2024-05-24T07:20:46.041194Z,0.0
2024-05-24T07:20:48.537110Z,0.0
2024-05-24T07:20:50.772704Z,0.0
2024-05-24T07:20:53.027660Z,11099.0
2024-05-24T07:20:55.109797Z,22532.0
2024-05-24T07:20:57.406244Z,26724.0
2024-05-24T07:20:59.550742Z,18340.0
2024-05-24T07:21:01.576924Z,0.0
2024-05-24T07:21:03.699277Z,18864.0
2024-05-24T07:21:05.851853Z,18864.0
2024-05-24T07:21:08.519121Z,8908.0
2024-05-24T07:21:11.419076Z,7859.0
2024-05-24T07:21:13.474655Z,14672.0
2024-05-24T07:21:15.583870Z,15196.0
2024-05-24T07:21:17.567998Z,15196.0
2024-05-24T07:21:19.662445Z,15196.0
2024-05-24T07:21:21.785911Z,14672.0
2024-05-24T07:21:23.890490Z,15196.0
2024-05-24T07:21:26.468317Z,15196.0
2024-05-24T07:21:28.686233Z,253.0
2024-05-24T07:21:30.906434Z,4716.0
2024-05-24T07:21:33.041225Z,524.0
2024-05-24T07:21:35.251080Z,4192.0
2024-05-24T07:21:38.517100Z,5764.0
2024-05-24T07:21:40.771071Z,7859.0
2024-05-24T07:21:43.010255Z,3144.0
2024-05-24T07:21:44.925867Z,0.0
2024-05-24T07:21:46.812223Z,0.0
2024-05-24T07:21:48.841163Z,3144.0
2024-05-24T07:21:50.783837Z,3144.0
2024-05-24T07:21:53.472168Z,7859.0
2024-05-24T07:21:55.826766Z,14672.0
2024-05-24T07:21:58.106469Z,14672.0
2024-05-24T07:22:00.379088Z,14672.0
2024-05-24T07:22:02.703409Z,15196.0
2024-05-24T07:22:05.069347Z,3668.0
2024-05-24T07:22:07.384184Z,5764.0
2024-05-24T07:22:09.741681Z,3668.0
2024-05-24T07:22:12.034634Z,5240.0
2024-05-24T07:22:14.311950Z,4716.0
2024-05-24T07:22:16.626582Z,7336.0
2024-05-24T07:22:19.073355Z,6812.0
2024-05-24T07:22:21.533111Z,7336.0
2024-05-24T07:22:23.965953Z,7336.0
2024-05-24T07:22:26.387963Z,6812.0
2024-05-24T07:22:29.237977Z,6812.0
2024-05-24T07:22:31.495790Z,7859.0
2024-05-24T07:22:33.692990Z,7859.0
2024-05-24T07:22:35.924105Z,6812.0
2024-05-24T07:22:38.067584Z,0.0
2024-05-24T07:22:40.865195Z,10480.0
2024-05-24T07:22:43.051572Z,4192.0
2024-05-24T07:22:45.776189Z,5764.0
2024-05-24T07:22:47.955456Z,3144.0
2024-05-24T07:22:50.962579Z,5764.0
2024-05-24T07:22:54.355409Z,12052.0
2024-05-24T07:22:56.797470Z,9432.0
2024-05-24T07:22:59.101279Z,8384.0
2024-05-24T07:23:01.387572Z,8908.0
2024-05-24T07:23:03.641404Z,7336.0
2024-05-24T07:23:07.784886Z,35632.0
2024-05-24T07:23:09.882735Z,37728.0
2024-05-24T07:23:11.927407Z,37728.0
2024-05-24T07:23:14.003702Z,18864.0
2024-05-24T07:23:16.222062Z,18864.0
2024-05-24T07:23:18.131522Z,0.0
2024-05-24T07:23:20.077623Z,14672.0
2024-05-24T07:23:22.027718Z,15196.0
2024-05-24T07:23:24.069025Z,15196.0
2024-05-24T07:23:26.235055Z,15196.0
2024-05-24T07:23:29.075503Z,18340.0
2024-05-24T07:23:31.268753Z,26724.0
2024-05-24T07:23:33.531735Z,26200.0
2024-05-24T07:23:35.780130Z,22532.0
2024-05-24T07:23:37.959181Z,26200.0
2024-05-24T07:23:40.268661Z,26724.0
2024-05-24T07:23:42.496504Z,22532.0
2024-05-24T07:23:44.783204Z,26200.0
2024-05-24T07:23:46.918444Z,26200.0
2024-05-24T07:23:48.966565Z,22532.0
2024-05-24T07:23:51.330363Z,34060.0
2024-05-24T07:23:53.729321Z,37728.0
2024-05-24T07:23:56.002648Z,37728.0
2024-05-24T07:23:58.297410Z,37204.0
2024-05-24T07:24:00.550804Z,37728.0
2024-05-24T07:24:03.081677Z,18864.0
2024-05-24T07:24:05.301224Z,49256.0
2024-05-24T07:24:07.719357Z,48732.0
2024-05-24T07:24:09.842719Z,0.0
2024-05-24T07:24:12.099550Z,29868.0
2024-05-24T07:24:14.440266Z,18864.0
2024-05-24T07:24:16.749071Z,15196.0
2024-05-24T07:24:19.031559Z,22532.0
2024-05-24T07:24:21.291993Z,26200.0
2024-05-24T07:24:23.526892Z,26724.0
2024-05-24T07:24:25.920106Z,22532.0
2024-05-24T07:24:28.318519Z,26200.0
2024-05-24T07:24:32.032982Z,18864.0
2024-05-24T07:24:34.871800Z,11528.0
2024-05-24T07:24:37.594687Z,0.0
2024-05-24T07:24:40.143803Z,22532.0
2024-05-24T07:24:42.496378Z,26200.0
2024-05-24T07:24:44.817847Z,22532.0
2024-05-24T07:24:47.160337Z,26724.0
2024-05-24T07:24:49.504660Z,26200.0
2024-05-24T07:24:52.075102Z,11004.0
2024-05-24T07:24:54.362192Z,4192.0
2024-05-24T07:24:56.700173Z,18864.0
2024-05-24T07:24:58.819230Z,26200.0
2024-05-24T07:25:00.714185Z,22532.0
2024-05-24T07:25:02.998687Z,34060.0
2024-05-24T07:25:05.784626Z,37204.0
2024-05-24T07:25:08.186889Z,37728.0
2024-05-24T07:25:10.585112Z,37728.0
2024-05-24T07:25:12.934853Z,37728.0
2024-05-24T07:25:16.022270Z,14672.0
2024-05-24T07:25:18.926431Z,0.0
2024-05-24T07:25:21.271963Z,0.0
2024-05-24T07:25:23.547591Z,0.0
2024-05-24T07:25:26.377845Z,0.0
2024-05-24T07:25:29.403825Z,3144.0
2024-05-24T07:25:31.511722Z,0.0
2024-05-24T07:25:33.586064Z,0.0
2024-05-24T07:25:36.498918Z,0.0
2024-05-24T07:25:38.732460Z,0.0
2024-05-24T07:25:41.185506Z,0.0
2024-05-24T07:25:43.999170Z,0.0
2024-05-24T07:25:46.608236Z,0.0
2024-05-24T07:25:49.090097Z,18673.0
2024-05-24T07:25:51.498749Z,37728.0
2024-05-24T07:25:55.439011Z,14672.0
2024-05-24T07:25:57.963665Z,0.0
2024-05-24T07:26:00.883215Z,524.0
2024-05-24T07:26:03.534791Z,0.0
2024-05-24T07:26:06.220360Z,524.0
2024-05-24T07:26:09.508274Z,524.0
2024-05-24T07:26:12.966075Z,524.0
2024-05-24T07:26:15.539752Z,524.0
2024-05-24T07:26:18.632475Z,524.0
2024-05-24T07:26:21.886563Z,524.0
2024-05-24T07:26:25.618902Z,1048.0
2024-05-24T07:26:28.480727Z,1048.0
2024-05-24T07:26:31.127193Z,524.0
2024-05-24T07:26:34.857191Z,0.0
2024-05-24T07:26:37.862546Z,0.0
2024-05-24T07:26:40.086170Z,2096.0
2024-05-24T07:26:42.756398Z,1048.0
2024-05-24T07:26:45.258168Z,0.0
2024-05-24T07:26:47.597543Z,0.0
2024-05-24T07:26:50.355577Z,0.0
2024-05-24T07:26:53.084501Z,0.0
2024-05-24T07:26:55.582705Z,0.0
2024-05-24T07:26:58.106302Z,524.0
2024-05-24T07:27:00.749784Z,524.0
2024-05-24T07:27:03.332970Z,0.0
2024-05-24T07:27:06.614404Z,2096.0
2024-05-24T07:27:09.535694Z,10480.0
2024-05-24T07:27:11.800975Z,11004.0
2024-05-24T07:27:13.987516Z,36251.0
2024-05-24T07:27:16.406061Z,84364.0
2024-05-24T07:27:19.077945Z,76504.0
2024-05-24T07:27:21.794974Z,52924.0
2024-05-24T07:27:24.033702Z,0.0
2024-05-24T07:27:26.338964Z,0.0
2024-05-24T07:27:28.652357Z,26200.0
2024-05-24T07:27:31.002300Z,43492.0
2024-05-24T07:27:33.356009Z,58164.0
2024-05-24T07:27:36.276927Z,55020.0
2024-05-24T07:27:38.805198Z,50304.0
2024-05-24T07:27:41.314746Z,50827.0
2024-05-24T07:27:43.844014Z,39824.0
2024-05-24T07:27:46.227654Z,37728.0
2024-05-24T07:27:48.674434Z,37728.0
2024-05-24T07:27:51.622471Z,52400.0
2024-05-24T07:27:54.157204Z,75456.0
2024-05-24T07:27:57.052121Z,60260.0
2024-05-24T07:27:59.183237Z,0.0
2024-05-24T07:28:01.818599Z,45064.0
2024-05-24T07:28:04.162603Z,75456.0
2024-05-24T07:28:06.409198Z,74932.0
2024-05-24T07:28:08.924119Z,75456.0
2024-05-24T07:28:11.781194Z,75456.0
2024-05-24T07:28:15.504730Z,74932.0
2024-05-24T07:28:17.866960Z,75456.0
2024-05-24T07:28:20.353314Z,75456.0
2024-05-24T07:28:23.922734Z,60260.0
2024-05-24T07:28:26.488851Z,74932.0
2024-05-24T07:28:29.135245Z,75456.0
2024-05-24T07:28:31.575493Z,74932.0
2024-05-24T07:28:34.292543Z,75456.0
2024-05-24T07:28:36.848857Z,7336.0
2024-05-24T07:28:39.153363Z,0.0
2024-05-24T07:28:41.470371Z,0.0
2024-05-24T07:28:43.844915Z,26724.0
2024-05-24T07:28:46.220401Z,37728.0
2024-05-24T07:28:48.638433Z,37204.0
2024-05-24T07:28:51.308349Z,37728.0
2024-05-24T07:28:53.841291Z,37728.0
2024-05-24T07:28:56.330648Z,37728.0
2024-05-24T07:28:58.736168Z,0.0
2024-05-24T07:29:01.265649Z,37728.0
2024-05-24T07:29:03.678433Z,37204.0
2024-05-24T07:29:06.618576Z,37728.0
2024-05-24T07:29:09.309581Z,3668.0
2024-05-24T07:29:11.845248Z,0.0
2024-05-24T07:29:14.027206Z,34060.0
2024-05-24T07:29:16.351037Z,37728.0
2024-05-24T07:29:19.943016Z,37728.0
2024-05-24T07:29:22.399593Z,74932.0
2024-05-24T07:29:25.036659Z,75456.0
2024-05-24T07:29:28.571020Z,17292.0
2024-05-24T07:29:31.413973Z,19912.0
2024-05-24T07:29:34.686088Z,22008.0
2024-05-24T07:29:36.986657Z,26200.0
2024-05-24T07:29:39.966956Z,18864.0
2024-05-24T07:29:42.870787Z,37204.0
2024-05-24T07:29:45.138490Z,60260.0
2024-05-24T07:29:47.538010Z,81744.0
2024-05-24T07:29:49.894670Z,58688.0
2024-05-24T07:29:52.306870Z,58688.0
2024-05-24T07:29:54.875761Z,52400.0
2024-05-24T07:29:57.263079Z,58688.0
2024-05-24T07:29:59.778845Z,43492.0
2024-05-24T07:30:02.803607Z,45588.0
2024-05-24T07:30:05.578897Z,45588.0
2024-05-24T07:30:09.625581Z,23056.0
2024-05-24T07:30:13.473934Z,30916.0
2024-05-24T07:30:15.990394Z,18340.0
2024-05-24T07:30:18.438938Z,39824.0
2024-05-24T07:30:20.919815Z,53972.0
2024-05-24T07:30:24.224192Z,78076.0
2024-05-24T07:30:26.860109Z,92748.0
2024-05-24T07:30:29.563557Z,95892.0
2024-05-24T07:30:32.380238Z,97464.0
2024-05-24T07:30:35.150443Z,97988.0
2024-05-24T07:30:37.871008Z,94844.0
2024-05-24T07:30:41.029360Z,59212.0
2024-05-24T07:30:44.324134Z,42444.0
2024-05-24T07:30:47.049823Z,83840.0
2024-05-24T07:30:51.697766Z,19912.0
2024-05-24T07:30:55.692362Z,20436.0
2024-05-24T07:30:58.250709Z,12052.0
2024-05-24T07:31:00.953266Z,33012.0
2024-05-24T07:31:03.630947Z,56067.0
2024-05-24T07:31:06.248780Z,59212.0
2024-05-24T07:31:09.185347Z,63927.0
2024-05-24T07:31:11.842357Z,81744.0
2024-05-24T07:31:14.649851Z,81744.0
2024-05-24T07:31:17.361578Z,81220.0
2024-05-24T07:31:20.110524Z,524.0
2024-05-24T07:31:23.149989Z,57115.0
2024-05-24T07:31:25.777748Z,33536.0
2024-05-24T07:31:28.339851Z,29344.0
2024-05-24T07:31:30.962573Z,58688.0
2024-05-24T07:31:33.604813Z,55020.0
2024-05-24T07:31:36.076200Z,47684.0
2024-05-24T07:31:38.419771Z,49256.0
2024-05-24T07:31:40.912135Z,59736.0
2024-05-24T07:31:43.275927Z,59212.0
2024-05-24T07:31:45.829172Z,57115.0
2024-05-24T07:31:48.452370Z,60260.0
2024-05-24T07:31:51.067003Z,67072.0
2024-05-24T07:31:53.700247Z,65500.0
2024-05-24T07:31:56.276422Z,67596.0
2024-05-24T07:31:58.826242Z,67072.0
2024-05-24T07:32:01.730714Z,67072.0
2024-05-24T07:32:05.111819Z,63403.0
2024-05-24T07:32:07.769266Z,11004.0
2024-05-24T07:32:10.303602Z,24104.0
2024-05-24T07:32:13.485171Z,32488.0
2024-05-24T07:32:17.213707Z,20960.0
2024-05-24T07:32:19.832151Z,37204.0
2024-05-24T07:32:22.548259Z,62879.0
2024-05-24T07:32:25.172128Z,57640.0
2024-05-24T07:32:27.703751Z,61832.0
2024-05-24T07:32:30.963715Z,60260.0
2024-05-24T07:32:33.543864Z,57640.0
2024-05-24T07:32:36.165170Z,54496.0
2024-05-24T07:32:38.711885Z,54496.0
2024-05-24T07:32:41.281894Z,55020.0
2024-05-24T07:32:43.885400Z,38776.0
2024-05-24T07:32:46.414905Z,60784.0
2024-05-24T07:32:48.862654Z,57640.0
2024-05-24T07:32:51.304712Z,59736.0
2024-05-24T07:32:53.831969Z,55020.0
2024-05-24T07:32:57.218833Z,33536.0
2024-05-24T07:33:00.159180Z,33012.0
2024-05-24T07:33:02.943711Z,29868.0
2024-05-24T07:33:05.687626Z,20960.0
2024-05-24T07:33:08.427083Z,20960.0
2024-05-24T07:33:11.244881Z,20960.0
2024-05-24T07:33:13.943839Z,20960.0
2024-05-24T07:33:16.714682Z,20960.0
2024-05-24T07:33:19.400923Z,20960.0
2024-05-24T07:33:22.127944Z,20960.0
2024-05-24T07:33:24.845858Z,20960.0
2024-05-24T07:33:27.490406Z,20960.0
2024-05-24T07:33:30.257147Z,20960.0
2024-05-24T07:33:33.011094Z,20960.0
2024-05-24T07:33:35.722093Z,524.0
2024-05-24T07:33:39.011623Z,9956.0
2024-05-24T07:33:41.793653Z,24628.0
2024-05-24T07:33:44.513816Z,12576.0
2024-05-24T07:33:47.118811Z,11528.0
2024-05-24T07:33:49.767591Z,17292.0
2024-05-24T07:33:52.509672Z,19388.0
2024-05-24T07:33:55.116446Z,23056.0
2024-05-24T07:33:57.923364Z,21484.0
2024-05-24T07:34:00.728730Z,23056.0
2024-05-24T07:34:03.265816Z,27248.0
2024-05-24T07:34:05.958904Z,29344.0
2024-05-24T07:34:08.449497Z,29344.0
2024-05-24T07:34:11.269329Z,20960.0
2024-05-24T07:34:13.918162Z,20960.0
2024-05-24T07:34:16.484484Z,20960.0
2024-05-24T07:34:19.257682Z,20960.0
2024-05-24T07:34:21.941368Z,20960.0
2024-05-24T07:34:24.480521Z,13100.0
2024-05-24T07:34:26.864198Z,28295.0
2024-05-24T07:34:29.247213Z,20436.0
2024-05-24T07:34:33.154742Z,20960.0
2024-05-24T07:34:36.106229Z,20960.0
2024-05-24T07:34:39.153060Z,20960.0
2024-05-24T07:34:41.548920Z,20960.0
2024-05-24T07:34:44.450932Z,20960.0
2024-05-24T07:34:46.966122Z,20960.0
2024-05-24T07:34:49.499478Z,20960.0
2024-05-24T07:34:52.237377Z,20960.0
2024-05-24T07:34:54.875616Z,20960.0
2024-05-24T07:34:57.511467Z,20960.0
2024-05-24T07:35:00.227417Z,20960.0
2024-05-24T07:35:02.767853Z,20436.0
2024-05-24T07:35:05.292211Z,20960.0
2024-05-24T07:35:07.771062Z,20960.0
2024-05-24T07:35:10.196504Z,20960.0
2024-05-24T07:35:12.742588Z,20960.0
2024-05-24T07:35:15.165960Z,20960.0
2024-05-24T07:35:18.277386Z,20960.0
2024-05-24T07:35:20.893776Z,20960.0
2024-05-24T07:35:23.272112Z,20960.0
2024-05-24T07:35:27.219963Z,20960.0
2024-05-24T07:35:29.932380Z,20960.0
2024-05-24T07:35:32.706477Z,20960.0
2024-05-24T07:35:35.425020Z,20960.0
2024-05-24T07:35:38.154265Z,20960.0
2024-05-24T07:35:40.951478Z,20960.0
2024-05-24T07:35:44.226642Z,20960.0
2024-05-24T07:35:47.051418Z,20436.0
2024-05-24T07:35:49.779584Z,20436.0
2024-05-24T07:35:52.488913Z,524.0
2024-05-24T07:35:55.998187Z,11004.0
2024-05-24T07:35:58.489271Z,30392.0
2024-05-24T07:36:01.156080Z,20960.0
2024-05-24T07:36:03.634607Z,20960.0
2024-05-24T07:36:06.190599Z,20960.0
2024-05-24T07:36:08.621687Z,20960.0
2024-05-24T07:36:10.972184Z,20960.0
2024-05-24T07:36:14.057625Z,17816.0
2024-05-24T07:36:16.537150Z,15719.0
2024-05-24T07:36:18.969687Z,14147.0
2024-05-24T07:36:22.704210Z,16768.0
2024-05-24T07:36:25.250269Z,16768.0
2024-05-24T07:36:27.750600Z,20436.0
2024-05-24T07:36:30.241280Z,20436.0
2024-05-24T07:36:32.708657Z,23580.0
2024-05-24T07:36:35.889450Z,26200.0
2024-05-24T07:36:38.125837Z,30392.0
2024-05-24T07:36:40.403835Z,26724.0
2024-05-24T07:36:42.805722Z,22008.0
2024-05-24T07:36:45.226996Z,20436.0
2024-05-24T07:36:48.405990Z,22008.0
2024-05-24T07:36:50.815448Z,20960.0
2024-05-24T07:36:53.168911Z,20960.0
2024-05-24T07:36:55.561233Z,20960.0
2024-05-24T07:36:57.944533Z,20960.0
2024-05-24T07:37:01.012344Z,11004.0
2024-05-24T07:37:01.028047Z,0.0
2024-05-24T07:37:04.777229Z,524.0
2024-05-24T07:37:07.069190Z,1048.0
2024-05-24T07:37:09.277674Z,1048.0
2024-05-24T07:37:11.498139Z,524.0
2024-05-24T07:37:16.085143Z,1048.0
2024-05-24T07:37:18.678922Z,524.0
2024-05-24T07:37:21.404727Z,1572.0
2024-05-24T07:37:24.114528Z,1048.0
2024-05-24T07:37:26.598248Z,524.0
2024-05-24T07:37:30.533888Z,2096.0
2024-05-24T07:37:33.703530Z,2620.0
2024-05-24T07:37:36.098584Z,2096.0
2024-05-24T07:37:38.429776Z,2620.0
2024-05-24T07:37:40.723028Z,2620.0
2024-05-24T07:37:43.948693Z,1572.0
2024-05-24T07:37:46.246052Z,1572.0
2024-05-24T07:37:48.691898Z,1572.0
2024-05-24T07:37:51.206459Z,1572.0
2024-05-24T07:37:53.556596Z,1572.0
2024-05-24T07:37:56.825236Z,1572.0
2024-05-24T07:37:59.242813Z,1572.0
2024-05-24T07:38:01.807375Z,1048.0
2024-05-24T07:38:04.251697Z,1048.0
2024-05-24T07:38:06.683581Z,0.0
2024-05-24T07:38:09.206645Z,1572.0
2024-05-24T07:38:11.759400Z,1572.0
2024-05-24T07:38:14.336520Z,1572.0
2024-05-24T07:38:17.442084Z,1572.0
2024-05-24T07:38:20.728347Z,1572.0
2024-05-24T07:38:23.921921Z,2096.0
2024-05-24T07:38:26.205145Z,1572.0
2024-05-24T07:38:29.362862Z,1572.0
2024-05-24T07:38:31.750491Z,1572.0
2024-05-24T07:38:34.200188Z,1572.0
2024-05-24T07:38:36.761296Z,2096.0
2024-05-24T07:38:39.219895Z,1048.0
2024-05-24T07:38:41.647778Z,2620.0
2024-05-24T07:38:43.938451Z,2620.0
2024-05-24T07:38:46.267999Z,2096.0
2024-05-24T07:38:48.728255Z,2096.0
2024-05-24T07:38:51.165117Z,2620.0
2024-05-24T07:38:53.661182Z,2096.0
2024-05-24T07:38:56.131438Z,1572.0
2024-05-24T07:38:58.577698Z,2096.0
2024-05-24T07:39:01.106896Z,1572.0
2024-05-24T07:39:03.422964Z,1572.0
2024-05-24T07:39:05.949977Z,1048.0
2024-05-24T07:39:08.346380Z,1572.0
2024-05-24T07:39:10.810452Z,1048.0
2024-05-24T07:39:14.119341Z,524.0
2024-05-24T07:39:16.589153Z,1048.0
2024-05-24T07:39:19.851761Z,2096.0
2024-05-24T07:39:23.102356Z,2096.0
2024-05-24T07:39:25.718580Z,1048.0
2024-05-24T07:39:28.730637Z,1048.0
2024-05-24T07:39:31.185938Z,524.0
2024-05-24T07:39:34.184007Z,524.0
2024-05-24T07:39:37.761056Z,0.0
2024-05-24T07:39:40.614145Z,524.0
2024-05-24T07:39:43.167127Z,1572.0
2024-05-24T07:39:45.677768Z,1572.0
2024-05-24T07:39:48.957024Z,2096.0
2024-05-24T07:39:51.882406Z,2096.0
2024-05-24T07:39:54.171021Z,2620.0
2024-05-24T07:39:58.652116Z,1048.0
2024-05-24T07:40:01.033631Z,1572.0
2024-05-24T07:40:03.380743Z,1048.0
2024-05-24T07:40:05.778231Z,1572.0
2024-05-24T07:40:08.179780Z,524.0
2024-05-24T07:40:11.684960Z,524.0
2024-05-24T07:40:11.700247Z,0.0
2024-05-24T07:40:14.128558Z,12576.0
2024-05-24T07:40:16.587953Z,26200.0
2024-05-24T07:40:18.975481Z,0.0
2024-05-24T07:40:21.285485Z,0.0
2024-05-24T07:40:23.764928Z,0.0
2024-05-24T07:40:25.999856Z,0.0
2024-05-24T07:40:28.350912Z,524.0
2024-05-24T07:40:30.787747Z,0.0
2024-05-24T07:40:33.203903Z,0.0
2024-05-24T07:40:36.537159Z,1048.0
2024-05-24T07:40:39.295431Z,524.0
2024-05-24T07:40:41.776159Z,0.0
2024-05-24T07:40:44.219945Z,0.0
2024-05-24T07:40:46.665842Z,0.0
2024-05-24T07:40:49.744822Z,0.0
2024-05-24T07:40:52.008008Z,0.0
2024-05-24T07:40:54.293793Z,0.0
2024-05-24T07:40:56.517907Z,0.0
2024-05-24T07:40:58.757398Z,524.0
2024-05-24T07:41:01.190017Z,0.0
2024-05-24T07:41:01.201340Z,0.0
2024-05-24T07:41:04.234383Z,18864.0
2024-05-24T07:41:06.721833Z,19912.0
2024-05-24T07:41:09.133994Z,19912.0
2024-05-24T07:41:11.484527Z,19912.0
2024-05-24T07:41:15.136456Z,22008.0
2024-05-24T07:41:17.509647Z,22008.0
2024-05-24T07:41:21.289334Z,26200.0
2024-05-24T07:41:24.885096Z,26200.0
2024-05-24T07:41:27.792968Z,26200.0
2024-05-24T07:41:30.734881Z,25676.0
2024-05-24T07:41:33.809184Z,22532.0
2024-05-24T07:41:36.415654Z,19912.0
2024-05-24T07:41:38.939662Z,18864.0
2024-05-24T07:41:41.456441Z,19388.0
2024-05-24T07:41:43.849330Z,5240.0
2024-05-24T07:41:46.736535Z,10480.0
2024-05-24T07:41:48.994488Z,5764.0
2024-05-24T07:41:52.166408Z,6288.0
2024-05-24T07:41:55.036106Z,3668.0
2024-05-24T07:41:59.083470Z,7336.0
2024-05-24T07:42:02.909873Z,6812.0
2024-05-24T07:42:05.493624Z,4716.0
2024-05-24T07:42:08.122732Z,7336.0
2024-05-24T07:42:10.601362Z,7336.0
2024-05-24T07:42:13.181866Z,1048.0
2024-05-24T07:42:16.135904Z,4716.0
2024-05-24T07:42:18.835400Z,6812.0
2024-05-24T07:42:21.889282Z,4192.0
2024-05-24T07:42:24.308666Z,5764.0
2024-05-24T07:42:26.731618Z,4716.0
2024-05-24T07:42:29.867589Z,2620.0
2024-05-24T07:42:32.260393Z,5240.0
2024-05-24T07:42:34.790533Z,3144.0
2024-05-24T07:42:37.466029Z,0.0
2024-05-24T07:42:40.044445Z,5240.0
2024-05-24T07:42:42.508123Z,6288.0
2024-05-24T07:42:45.048981Z,6288.0
2024-05-24T07:42:47.577215Z,6288.0
2024-05-24T07:42:50.176428Z,5240.0
2024-05-24T07:42:52.823389Z,3668.0
2024-05-24T07:42:55.164481Z,2620.0
2024-05-24T07:42:58.293823Z,1572.0
2024-05-24T07:43:00.816300Z,2096.0
2024-05-24T07:43:04.627173Z,2096.0
2024-05-24T07:43:07.201406Z,3144.0
2024-05-24T07:43:09.803033Z,4192.0
2024-05-24T07:43:12.527921Z,6288.0
2024-05-24T07:43:15.105405Z,5240.0
2024-05-24T07:43:17.685499Z,5764.0
2024-05-24T07:43:20.175647Z,8384.0
2024-05-24T07:43:22.781065Z,4716.0
2024-05-24T07:43:25.426888Z,3668.0
2024-05-24T07:43:27.921949Z,8384.0
2024-05-24T07:43:30.468680Z,6812.0
2024-05-24T07:43:34.172734Z,6812.0
2024-05-24T07:43:36.863478Z,7859.0
2024-05-24T07:43:39.457146Z,9432.0
2024-05-24T07:43:42.103925Z,9956.0
2024-05-24T07:43:44.801535Z,11004.0
2024-05-24T07:43:48.008768Z,13624.0
2024-05-24T07:43:50.734018Z,17816.0
2024-05-24T07:43:53.519614Z,13100.0
2024-05-24T07:43:56.269230Z,16244.0
2024-05-24T07:43:59.008432Z,14147.0
2024-05-24T07:44:01.910746Z,8384.0
2024-05-24T07:44:05.123767Z,11528.0
2024-05-24T07:44:08.101791Z,8908.0
2024-05-24T07:44:10.774313Z,9956.0
2024-05-24T07:44:14.201943Z,11004.0
2024-05-24T07:44:17.720523Z,8384.0
2024-05-24T07:44:20.298025Z,10480.0
2024-05-24T07:44:22.998129Z,9432.0
2024-05-24T07:44:25.749375Z,13100.0
2024-05-24T07:44:28.669022Z,8908.0
2024-05-24T07:44:31.391900Z,12052.0
2024-05-24T07:44:34.367261Z,15719.0
2024-05-24T07:44:37.632927Z,13100.0
2024-05-24T07:44:41.141750Z,12576.0
2024-05-24T07:44:44.597005Z,13100.0
2024-05-24T07:44:48.158410Z,9432.0
2024-05-24T07:44:50.845178Z,5764.0
2024-05-24T07:44:53.573984Z,3668.0
2024-05-24T07:44:56.258831Z,4716.0
2024-05-24T07:44:59.076730Z,0.0
2024-05-24T07:45:01.896511Z,4192.0
2024-05-24T07:45:05.211953Z,3668.0
2024-05-24T07:45:08.127319Z,2096.0
2024-05-24T07:45:10.967239Z,2620.0
2024-05-24T07:45:13.998197Z,3144.0
2024-05-24T07:45:17.059202Z,5240.0
2024-05-24T07:45:19.862238Z,5764.0
2024-05-24T07:45:22.607749Z,6288.0
2024-05-24T07:45:26.008215Z,4716.0
2024-05-24T07:45:29.145621Z,4192.0
2024-05-24T07:45:33.300869Z,3668.0
2024-05-24T07:45:36.057427Z,2620.0
2024-05-24T07:45:39.525036Z,3144.0
2024-05-24T07:45:42.776019Z,3668.0
2024-05-24T07:45:46.011697Z,3144.0
2024-05-24T07:45:48.850399Z,3144.0
2024-05-24T07:45:52.034436Z,3668.0
2024-05-24T07:45:54.789155Z,4716.0
2024-05-24T07:45:57.532181Z,5764.0
2024-05-24T07:46:00.169688Z,6288.0
2024-05-24T07:46:03.336502Z,4716.0
2024-05-24T07:46:07.207844Z,3668.0
2024-05-24T07:46:10.571407Z,5764.0
2024-05-24T07:46:14.120940Z,4716.0
2024-05-24T07:46:16.960510Z,5240.0
2024-05-24T07:46:20.302187Z,3144.0
2024-05-24T07:46:23.617975Z,3144.0
2024-05-24T07:46:26.545851Z,2620.0
2024-05-24T07:46:29.413054Z,3668.0
2024-05-24T07:46:32.304005Z,2620.0
2024-05-24T07:46:35.936618Z,4192.0
2024-05-24T07:46:41.457417Z,6288.0
2024-05-24T07:46:45.407042Z,4716.0
2024-05-24T07:46:49.544619Z,4716.0
2024-05-24T07:46:52.633068Z,4716.0
2024-05-24T07:46:55.719337Z,3668.0
2024-05-24T07:46:59.430066Z,3144.0
2024-05-24T07:47:02.253113Z,4716.0
2024-05-24T07:47:04.838966Z,5240.0
2024-05-24T07:47:07.506783Z,5240.0
2024-05-24T07:47:11.284070Z,3144.0
2024-05-24T07:47:13.975951Z,3668.0
2024-05-24T07:47:16.836449Z,2620.0
2024-05-24T07:47:19.705060Z,3144.0
2024-05-24T07:47:23.127417Z,3668.0
2024-05-24T07:47:27.116133Z,4192.0
2024-05-24T07:47:30.907592Z,5764.0
2024-05-24T07:47:34.579811Z,6812.0
2024-05-24T07:47:37.896754Z,6812.0
2024-05-24T07:47:41.328988Z,0.0
2024-05-24T07:47:45.646455Z,5764.0
2024-05-24T07:47:49.373651Z,16768.0
2024-05-24T07:47:52.495115Z,12052.0
2024-05-24T07:47:55.867416Z,14147.0
2024-05-24T07:47:59.779110Z,17292.0
2024-05-24T07:48:03.420391Z,13624.0
2024-05-24T07:48:06.460921Z,7859.0
2024-05-24T07:48:09.338639Z,19388.0
2024-05-24T07:48:12.042733Z,11528.0
2024-05-24T07:48:14.462952Z,9432.0
2024-05-24T07:48:18.344618Z,11004.0
2024-05-24T07:48:21.468009Z,16244.0
2024-05-24T07:48:24.749430Z,9956.0
2024-05-24T07:48:27.352312Z,524.0
2024-05-24T07:48:29.916384Z,13100.0
2024-05-24T07:48:32.499221Z,7336.0
2024-05-24T07:48:35.033203Z,6812.0
2024-05-24T07:48:37.518083Z,6288.0
2024-05-24T07:48:40.022260Z,6812.0
2024-05-24T07:48:43.364017Z,6288.0
2024-05-24T07:48:46.803421Z,6812.0
2024-05-24T07:48:49.349380Z,8384.0
2024-05-24T07:48:51.864991Z,8384.0
2024-05-24T07:48:54.313475Z,7859.0
2024-05-24T07:48:56.860694Z,8908.0
2024-05-24T07:48:59.372034Z,7859.0
2024-05-24T07:49:01.675005Z,13100.0
2024-05-24T07:49:03.976382Z,14147.0
2024-05-24T07:49:06.393872Z,11528.0
2024-05-24T07:49:09.367098Z,10480.0
2024-05-24T07:49:12.404053Z,7336.0
2024-05-24T07:49:15.875682Z,5764.0
2024-05-24T07:49:18.580579Z,6812.0
2024-05-24T07:49:21.980980Z,6288.0
2024-05-24T07:49:24.546065Z,3668.0
2024-05-24T07:49:28.050847Z,5764.0
2024-05-24T07:49:30.805615Z,7336.0
2024-05-24T07:49:33.501026Z,5764.0
2024-05-24T07:49:36.241123Z,6288.0
2024-05-24T07:49:38.979327Z,5764.0
2024-05-24T07:49:42.840411Z,6812.0
2024-05-24T07:49:46.519415Z,6812.0
2024-05-24T07:49:48.807968Z,6288.0
2024-05-24T07:49:51.243934Z,5240.0
2024-05-24T07:49:53.701357Z,4192.0
2024-05-24T07:49:57.807847Z,4192.0
2024-05-24T07:50:00.482669Z,3144.0
2024-05-24T07:50:03.201151Z,2620.0
2024-05-24T07:50:05.840935Z,1572.0
2024-05-24T07:50:08.559482Z,0.0
2024-05-24T07:50:11.405783Z,3144.0
2024-05-24T07:50:14.014160Z,4192.0
2024-05-24T07:50:16.757315Z,3144.0
2024-05-24T07:50:19.427612Z,2620.0
2024-05-24T07:50:21.976986Z,2620.0
2024-05-24T07:50:26.355609Z,1572.0
2024-05-24T07:50:29.026055Z,1572.0
2024-05-24T07:50:31.832060Z,3668.0
2024-05-24T07:50:34.581220Z,2096.0
2024-05-24T07:50:38.073355Z,5240.0
2024-05-24T07:50:40.721438Z,4192.0
2024-05-24T07:50:43.296014Z,4716.0
2024-05-24T07:50:45.741325Z,5240.0
2024-05-24T07:50:48.230465Z,4192.0
2024-05-24T07:50:50.580050Z,4192.0
2024-05-24T07:50:54.596152Z,3144.0
2024-05-24T07:50:57.760257Z,2096.0
2024-05-24T07:51:00.484006Z,2620.0
2024-05-24T07:51:03.276194Z,2620.0
2024-05-24T07:51:05.930895Z,2096.0
2024-05-24T07:51:08.457124Z,3668.0
2024-05-24T07:51:10.814834Z,4192.0
2024-05-24T07:51:14.224047Z,4716.0
2024-05-24T07:51:18.271297Z,4716.0
2024-05-24T07:51:21.247776Z,4716.0
2024-05-24T07:51:24.727728Z,4716.0
2024-05-24T07:51:27.170044Z,3668.0
2024-05-24T07:51:29.573919Z,4192.0
2024-05-24T07:51:31.905081Z,3668.0
2024-05-24T07:51:34.312427Z,3668.0
2024-05-24T07:51:36.646608Z,4192.0
2024-05-24T07:51:39.555739Z,6288.0
2024-05-24T07:51:41.892326Z,4192.0
2024-05-24T07:51:44.328436Z,3144.0
2024-05-24T07:51:46.848390Z,2620.0
2024-05-24T07:51:50.265673Z,5764.0
2024-05-24T07:51:52.565896Z,5764.0
2024-05-24T07:51:54.956120Z,6812.0
2024-05-24T07:51:57.177584Z,6812.0
2024-05-24T07:52:01.641172Z,6812.0
2024-05-24T07:52:05.550694Z,4192.0
2024-05-24T07:52:07.941549Z,3668.0
2024-05-24T07:52:10.211078Z,3144.0
2024-05-24T07:52:12.591057Z,3668.0
2024-05-24T07:52:16.688866Z,4192.0
2024-05-24T07:52:19.074947Z,3144.0
2024-05-24T07:52:21.530538Z,3144.0
2024-05-24T07:52:24.004893Z,2096.0
2024-05-24T07:52:26.629003Z,1048.0
2024-05-24T07:52:29.100921Z,0.0
2024-05-24T07:52:31.635283Z,524.0
2024-05-24T07:52:33.878463Z,0.0
2024-05-24T07:52:36.122848Z,1048.0
2024-05-24T07:52:38.962611Z,5240.0
2024-05-24T07:52:41.262220Z,7336.0
2024-05-24T07:52:43.580107Z,3668.0
2024-05-24T07:52:45.761034Z,0.0
2024-05-24T07:52:49.283305Z,0.0
2024-05-24T07:52:51.690697Z,0.0
2024-05-24T07:52:54.205337Z,0.0
2024-05-24T07:52:57.305383Z,0.0
2024-05-24T07:52:59.726379Z,16768.0
2024-05-24T07:53:01.977593Z,17292.0
2024-05-24T07:53:04.234868Z,21484.0
2024-05-24T07:53:07.517502Z,16244.0
2024-05-24T07:53:10.161179Z,16244.0
2024-05-24T07:53:12.669948Z,8908.0
2024-05-24T07:53:15.155541Z,9432.0
2024-05-24T07:53:17.520163Z,12052.0
2024-05-24T07:53:20.020301Z,12576.0
2024-05-24T07:53:23.774410Z,15719.0
2024-05-24T07:53:26.499363Z,25676.0
2024-05-24T07:53:28.885903Z,27248.0
2024-05-24T07:53:31.372201Z,29344.0
2024-05-24T07:53:34.560901Z,25676.0
2024-05-24T07:53:38.436421Z,25152.0
2024-05-24T07:53:40.855796Z,18864.0
2024-05-24T07:53:43.363460Z,19912.0
2024-05-24T07:53:46.790246Z,16244.0
2024-05-24T07:53:49.192646Z,12052.0
2024-05-24T07:53:51.552447Z,12052.0
2024-05-24T07:53:53.676048Z,12052.0
2024-05-24T07:53:55.975168Z,13100.0
2024-05-24T07:53:58.357750Z,11528.0
2024-05-24T07:54:00.809992Z,12052.0
2024-05-24T07:54:03.737758Z,3144.0
2024-05-24T07:54:07.686909Z,0.0
2024-05-24T07:54:10.482306Z,0.0
2024-05-24T07:54:13.704732Z,0.0
2024-05-24T07:54:17.774149Z,0.0
2024-05-24T07:54:23.565536Z,0.0
2024-05-24T07:54:26.857763Z,3668.0
2024-05-24T07:54:29.072368Z,4192.0
2024-05-24T07:54:31.402370Z,6288.0
2024-05-24T07:54:34.323102Z,4716.0
2024-05-24T07:54:36.892991Z,4192.0
2024-05-24T07:54:40.053524Z,3668.0
2024-05-24T07:54:43.579367Z,4192.0
2024-05-24T07:54:46.008295Z,4716.0
2024-05-24T07:54:48.326655Z,0.0
2024-05-24T07:54:51.605046Z,3144.0
2024-05-24T07:54:55.360861Z,4192.0
2024-05-24T07:54:57.745538Z,4192.0
2024-05-24T07:55:00.163736Z,4716.0
2024-05-24T07:55:03.418429Z,3144.0
2024-05-24T07:55:07.376484Z,5764.0
2024-05-24T07:55:09.931473Z,8908.0
2024-05-24T07:55:12.320189Z,8908.0
2024-05-24T07:55:15.074431Z,8908.0
2024-05-24T07:55:17.674217Z,0.0
2024-05-24T07:55:20.339879Z,3668.0
2024-05-24T07:55:23.736541Z,2620.0
2024-05-24T07:55:26.156875Z,6812.0
2024-05-24T07:55:28.834050Z,7336.0
2024-05-24T07:55:31.701124Z,7859.0
2024-05-24T07:55:34.494893Z,6812.0
2024-05-24T07:55:37.663307Z,7859.0
2024-05-24T07:55:40.086228Z,8384.0
2024-05-24T07:55:42.868461Z,3668.0
2024-05-24T07:55:45.348674Z,3144.0
2024-05-24T07:55:49.680081Z,3144.0
2024-05-24T07:55:53.570004Z,4192.0
2024-05-24T07:55:56.088003Z,4192.0
2024-05-24T07:55:58.472969Z,3668.0
2024-05-24T07:56:01.710530Z,3144.0
2024-05-24T07:56:04.694301Z,14147.0
2024-05-24T07:56:07.069532Z,16244.0
2024-05-24T07:56:09.477382Z,13624.0
2024-05-24T07:56:12.711845Z,12052.0
2024-05-24T07:56:15.134537Z,14672.0
2024-05-24T07:56:18.293992Z,7859.0
2024-05-24T07:56:21.632896Z,2620.0
2024-05-24T07:56:24.173532Z,2620.0
2024-05-24T07:56:26.824252Z,3144.0
2024-05-24T07:56:29.498835Z,2620.0
2024-05-24T07:56:32.764639Z,3668.0
2024-05-24T07:56:36.422333Z,1572.0
2024-05-24T07:56:38.878805Z,2096.0
2024-05-24T07:56:41.408875Z,2620.0
2024-05-24T07:56:43.972713Z,1572.0
2024-05-24T07:56:46.628607Z,3668.0
2024-05-24T07:56:49.040174Z,4716.0
2024-05-24T07:56:52.134988Z,5764.0
2024-05-24T07:56:54.594269Z,5240.0
2024-05-24T07:56:57.023692Z,6812.0
2024-05-24T07:57:00.259941Z,4716.0
2024-05-24T07:57:04.786479Z,5240.0
2024-05-24T07:57:08.122349Z,2620.0
2024-05-24T07:57:11.410823Z,3668.0
2024-05-24T07:57:14.737653Z,0.0
2024-05-24T07:57:18.041180Z,4716.0
2024-05-24T07:57:20.551350Z,4192.0
2024-05-24T07:57:23.891683Z,2620.0
2024-05-24T07:57:27.213037Z,4716.0
2024-05-24T07:57:29.631818Z,3668.0
2024-05-24T07:57:33.006385Z,5240.0
2024-05-24T07:57:35.505004Z,5240.0
2024-05-24T07:57:37.885394Z,4716.0
2024-05-24T07:57:40.263626Z,3144.0
2024-05-24T07:57:42.745702Z,2096.0
2024-05-24T07:57:47.051359Z,2096.0
2024-05-24T07:57:49.488143Z,3144.0
2024-05-24T07:57:51.749646Z,2620.0
2024-05-24T07:57:53.989994Z,3668.0
2024-05-24T07:57:56.400012Z,2620.0
2024-05-24T07:58:01.301768Z,2620.0
2024-05-24T07:58:04.258850Z,4192.0
2024-05-24T07:58:06.376121Z,3668.0
2024-05-24T07:58:08.414295Z,3668.0
2024-05-24T07:58:10.579131Z,3144.0
2024-05-24T07:58:13.675067Z,1572.0
2024-05-24T07:58:16.781823Z,1572.0
2024-05-24T07:58:19.519999Z,3144.0
2024-05-24T07:58:22.596219Z,7859.0
2024-05-24T07:58:26.201125Z,13100.0
2024-05-24T07:58:30.138957Z,10480.0
2024-05-24T07:58:34.793106Z,12052.0
2024-05-24T07:58:37.180026Z,11528.0
2024-05-24T07:58:39.558142Z,11004.0
2024-05-24T07:58:41.716629Z,4716.0
2024-05-24T07:58:44.798803Z,4716.0
2024-05-24T07:58:47.245046Z,7336.0
2024-05-24T07:58:49.348117Z,9432.0
2024-05-24T07:58:51.585589Z,10480.0
2024-05-24T07:58:53.789219Z,10480.0
2024-05-24T07:58:57.438952Z,12576.0
2024-05-24T07:59:00.704153Z,9432.0
2024-05-24T07:59:03.975602Z,7859.0
2024-05-24T07:59:07.996392Z,6812.0
2024-05-24T07:59:10.335222Z,4192.0
2024-05-24T07:59:12.699689Z,7859.0
2024-05-24T07:59:15.031895Z,11528.0
2024-05-24T07:59:19.108846Z,13624.0
2024-05-24T07:59:22.301278Z,8384.0
2024-05-24T07:59:24.800830Z,9956.0
2024-05-24T07:59:27.207881Z,9432.0
2024-05-24T07:59:29.442994Z,4716.0
2024-05-24T07:59:31.664032Z,6288.0
2024-05-24T07:59:33.833133Z,2620.0
2024-05-24T07:59:35.897140Z,0.0
2024-05-24T07:59:38.008190Z,2620.0
2024-05-24T07:59:40.124640Z,0.0
2024-05-24T07:59:42.294591Z,0.0
2024-05-24T07:59:44.492873Z,0.0
2024-05-24T07:59:46.775900Z,0.0
2024-05-24T07:59:48.931941Z,0.0
2024-05-24T07:59:52.327458Z,2096.0
2024-05-24T07:59:54.711221Z,2096.0
2024-05-24T07:59:57.047032Z,2620.0
2024-05-24T07:59:59.287460Z,3144.0
2024-05-24T08:00:01.686853Z,2620.0
2024-05-24T08:00:04.122466Z,4716.0
2024-05-24T08:00:06.503291Z,4192.0
2024-05-24T08:00:08.831698Z,5764.0
2024-05-24T08:00:11.212176Z,2620.0
2024-05-24T08:00:13.615955Z,5240.0
2024-05-24T08:00:16.133359Z,5764.0
2024-05-24T08:00:18.479406Z,4192.0
2024-05-24T08:00:20.928734Z,3144.0
2024-05-24T08:00:23.337179Z,4192.0
2024-05-24T08:00:25.620871Z,6812.0
2024-05-24T08:00:28.907508Z,18340.0
2024-05-24T08:00:31.570956Z,8908.0
2024-05-24T08:00:34.123523Z,11528.0
2024-05-24T08:00:36.757435Z,12052.0
2024-05-24T08:00:39.316908Z,10480.0
2024-05-24T08:00:42.577308Z,5764.0
2024-05-24T08:00:44.784386Z,9432.0
2024-05-24T08:00:47.141831Z,6288.0
2024-05-24T08:00:49.464976Z,6288.0
2024-05-24T08:00:51.893970Z,8908.0
2024-05-24T08:00:54.426102Z,11528.0
2024-05-24T08:00:56.937824Z,12052.0
2024-05-24T08:00:59.436666Z,13624.0
2024-05-24T08:01:01.980073Z,13624.0
2024-05-24T08:01:04.474020Z,31963.0
2024-05-24T08:01:06.819801Z,28820.0
2024-05-24T08:01:09.339251Z,24104.0
2024-05-24T08:01:11.946947Z,24104.0
2024-05-24T08:01:14.505455Z,24104.0
2024-05-24T08:01:17.080362Z,24104.0
2024-05-24T08:01:21.666802Z,9956.0
2024-05-24T08:01:24.183419Z,20436.0
2024-05-24T08:01:26.730671Z,19388.0
2024-05-24T08:01:29.181356Z,24104.0
2024-05-24T08:01:32.253569Z,22008.0
2024-05-24T08:01:35.247457Z,35632.0
2024-05-24T08:01:37.645142Z,37728.0
2024-05-24T08:01:40.883246Z,35632.0
2024-05-24T08:01:44.057985Z,1048.0
2024-05-24T08:01:47.749654Z,39300.0
2024-05-24T08:01:50.719685Z,31963.0
2024-05-24T08:01:53.339002Z,34584.0
2024-05-24T08:01:56.360590Z,33536.0
2024-05-24T08:01:58.785216Z,28820.0
2024-05-24T08:02:01.286352Z,30916.0
2024-05-24T08:02:05.159608Z,35108.0
2024-05-24T08:02:07.884359Z,32488.0
2024-05-24T08:02:10.499445Z,33012.0
2024-05-24T08:02:13.031338Z,33536.0
2024-05-24T08:02:16.314473Z,28820.0
2024-05-24T08:02:19.776922Z,14672.0
2024-05-24T08:02:22.129767Z,14672.0
2024-05-24T08:02:24.496827Z,8908.0
2024-05-24T08:02:27.067496Z,10480.0
2024-05-24T08:02:32.059150Z,16768.0
2024-05-24T08:02:34.763300Z,36156.0
2024-05-24T08:02:37.346511Z,39300.0
2024-05-24T08:02:39.907438Z,36156.0
2024-05-24T08:02:42.477065Z,35632.0
2024-05-24T08:02:45.823221Z,35108.0
2024-05-24T08:02:48.075387Z,37204.0
2024-05-24T08:02:50.458306Z,26200.0
2024-05-24T08:02:52.957248Z,32488.0
2024-05-24T08:02:56.056445Z,32488.0
2024-05-24T08:02:58.616955Z,38252.0
2024-05-24T08:03:02.394202Z,37204.0
2024-05-24T08:03:05.021246Z,37728.0
2024-05-24T08:03:07.695257Z,34584.0
2024-05-24T08:03:11.172961Z,31439.0
2024-05-24T08:03:14.338951Z,35108.0
2024-05-24T08:03:16.792462Z,34060.0
2024-05-24T08:03:19.109140Z,24104.0
2024-05-24T08:03:21.532453Z,24628.0
2024-05-24T08:03:24.749384Z,26200.0
2024-05-24T08:03:27.288202Z,30392.0
2024-05-24T08:03:29.784904Z,41920.0
2024-05-24T08:03:32.299556Z,44540.0
2024-05-24T08:03:34.937835Z,42444.0
2024-05-24T08:03:37.401170Z,40872.0
2024-05-24T08:03:39.807078Z,35632.0
2024-05-24T08:03:42.803578Z,30392.0
2024-05-24T08:03:45.267070Z,27772.0
2024-05-24T08:03:47.872460Z,29868.0
2024-05-24T08:03:50.468325Z,19912.0
2024-05-24T08:03:53.891496Z,26200.0
2024-05-24T08:03:56.525738Z,34584.0
2024-05-24T08:03:59.118000Z,33012.0
2024-05-24T08:04:03.536551Z,37728.0
2024-05-24T08:04:08.882403Z,1048.0
2024-05-24T08:04:13.527685Z,35108.0
2024-05-24T08:04:16.274082Z,22532.0
2024-05-24T08:04:18.979363Z,21484.0
2024-05-24T08:04:21.702029Z,20960.0
2024-05-24T08:04:24.331465Z,24628.0
2024-05-24T08:04:28.448540Z,13100.0
2024-05-24T08:04:30.690296Z,0.0
2024-05-24T08:04:32.898356Z,0.0
2024-05-24T08:04:36.876590Z,0.0
2024-05-24T08:04:39.954765Z,0.0
2024-05-24T08:04:44.184750Z,0.0
2024-05-24T08:04:46.556581Z,4192.0
2024-05-24T08:04:49.021860Z,3668.0
2024-05-24T08:04:51.578016Z,3144.0
2024-05-24T08:04:54.564208Z,2096.0
2024-05-24T08:04:57.727707Z,15719.0
2024-05-24T08:05:00.151664Z,14147.0
2024-05-24T08:05:03.443194Z,11004.0
2024-05-24T08:05:06.193965Z,9956.0
2024-05-24T08:05:08.713112Z,11004.0
2024-05-24T08:05:11.188742Z,9956.0
2024-05-24T08:05:13.683277Z,11528.0
2024-05-24T08:05:16.088278Z,11004.0
2024-05-24T08:05:18.366065Z,9432.0
2024-05-24T08:05:22.792641Z,11528.0
2024-05-24T08:05:25.188113Z,12052.0
2024-05-24T08:05:28.208951Z,18864.0
2024-05-24T08:05:30.308260Z,12576.0
2024-05-24T08:05:33.365392Z,11004.0
2024-05-24T08:05:36.212616Z,10480.0
2024-05-24T08:05:38.451831Z,10480.0
2024-05-24T08:05:40.955484Z,7336.0
2024-05-24T08:05:43.398442Z,7859.0
2024-05-24T08:05:45.764419Z,10480.0
2024-05-24T08:05:48.286205Z,5764.0
2024-05-24T08:05:53.243492Z,10480.0
2024-05-24T08:05:56.717328Z,7859.0
2024-05-24T08:05:59.985256Z,5240.0
2024-05-24T08:06:02.315285Z,5764.0
2024-05-24T08:06:05.448039Z,9956.0
2024-05-24T08:06:09.626038Z,9432.0
2024-05-24T08:06:13.090285Z,3668.0
2024-05-24T08:06:15.608001Z,6288.0
2024-05-24T08:06:18.071102Z,6812.0
2024-05-24T08:06:21.392238Z,5764.0
2024-05-24T08:06:24.679961Z,6288.0
2024-05-24T08:06:27.554080Z,9956.0
2024-05-24T08:06:29.882699Z,9956.0
2024-05-24T08:06:32.254147Z,10480.0
2024-05-24T08:06:34.694370Z,0.0
2024-05-24T08:06:36.991948Z,10480.0
2024-05-24T08:06:40.090636Z,7336.0
2024-05-24T08:06:44.533203Z,7859.0
2024-05-24T08:06:47.401883Z,6812.0
2024-05-24T08:06:49.594090Z,4192.0
2024-05-24T08:06:52.944363Z,5240.0
2024-05-24T08:06:55.447657Z,4716.0
2024-05-24T08:06:57.658938Z,3668.0
2024-05-24T08:06:59.831049Z,3144.0
2024-05-24T08:07:02.040925Z,4192.0
2024-05-24T08:07:06.144964Z,2096.0
2024-05-24T08:07:09.290030Z,2620.0
2024-05-24T08:07:11.967046Z,2096.0
2024-05-24T08:07:14.443909Z,2620.0
2024-05-24T08:07:17.125744Z,1048.0
2024-05-24T08:07:19.695233Z,1048.0
2024-05-24T08:07:22.297051Z,1048.0
2024-05-24T08:07:24.759129Z,2096.0
2024-05-24T08:07:27.343995Z,1048.0
2024-05-24T08:07:29.701805Z,1048.0
2024-05-24T08:07:35.590498Z,2620.0
2024-05-24T08:07:38.555936Z,2611.0
2024-05-24T08:07:40.871038Z,6812.0
2024-05-24T08:07:43.177677Z,7859.0
2024-05-24T08:07:45.377763Z,5764.0
2024-05-24T08:07:47.701000Z,5240.0
2024-05-24T08:07:50.699083Z,4716.0
2024-05-24T08:07:53.212454Z,1572.0
2024-05-24T08:07:56.288201Z,1572.0
2024-05-24T08:07:58.889115Z,3144.0
2024-05-24T08:08:02.642096Z,4192.0
2024-05-24T08:08:06.139743Z,1048.0
2024-05-24T08:08:08.532575Z,0.0
2024-05-24T08:08:11.032430Z,524.0
2024-05-24T08:08:13.411638Z,524.0
2024-05-24T08:08:16.754270Z,1572.0
2024-05-24T08:08:20.145908Z,3668.0
2024-05-24T08:08:23.125256Z,0.0
2024-05-24T08:08:25.954215Z,0.0
2024-05-24T08:08:28.345190Z,524.0
2024-05-24T08:08:31.925498Z,0.0
2024-05-24T08:08:36.880332Z,524.0
2024-05-24T08:08:40.557220Z,1572.0
2024-05-24T08:08:44.431246Z,1572.0
2024-05-24T08:08:46.864747Z,1572.0
2024-05-24T08:08:52.708256Z,1572.0
2024-05-24T08:08:56.237621Z,1048.0
2024-05-24T08:09:01.310203Z,2620.0
2024-05-24T08:09:05.329374Z,1572.0
2024-05-24T08:09:09.435882Z,0.0
2024-05-24T08:09:11.928801Z,1572.0
2024-05-24T08:09:16.215132Z,3144.0
2024-05-24T08:09:19.270158Z,2620.0
2024-05-24T08:09:22.241418Z,1048.0
2024-05-24T08:09:24.835542Z,1572.0
2024-05-24T08:09:27.972648Z,1572.0
2024-05-24T08:09:30.464782Z,0.0
2024-05-24T08:09:33.529408Z,0.0
2024-05-24T08:09:36.155241Z,0.0
2024-05-24T08:09:38.901408Z,0.0
2024-05-24T08:09:42.065421Z,0.0
2024-05-24T08:09:44.702729Z,0.0
2024-05-24T08:09:47.115621Z,0.0
2024-05-24T08:09:50.495880Z,0.0
2024-05-24T08:09:52.913136Z,0.0
2024-05-24T08:09:55.324580Z,0.0
2024-05-24T08:09:57.999158Z,0.0
2024-05-24T08:10:00.228808Z,0.0
2024-05-24T08:10:03.232444Z,0.0
2024-05-24T08:10:06.490352Z,0.0
2024-05-24T08:10:10.472009Z,0.0
2024-05-24T08:10:12.602461Z,0.0
2024-05-24T08:10:14.861978Z,0.0
2024-05-24T08:10:17.111061Z,0.0
2024-05-24T08:10:19.471572Z,0.0
2024-05-24T08:10:22.629725Z,0.0
2024-05-24T08:10:24.877591Z,0.0
2024-05-24T08:10:26.945414Z,0.0
2024-05-24T08:10:29.313667Z,0.0
2024-05-24T08:10:32.603967Z,0.0
2024-05-24T08:10:34.884423Z,0.0
2024-05-24T08:10:38.992085Z,0.0
2024-05-24T08:10:41.596118Z,0.0
2024-05-24T08:10:43.927028Z,0.0
2024-05-24T08:10:47.309164Z,0.0
2024-05-24T08:10:50.581613Z,0.0
2024-05-24T08:10:53.042999Z,0.0
2024-05-24T08:10:55.478694Z,0.0
2024-05-24T08:10:57.762290Z,0.0
2024-05-24T08:11:01.529329Z,0.0
2024-05-24T08:11:05.584854Z,0.0
2024-05-24T08:11:09.170927Z,0.0
2024-05-24T08:11:13.365752Z,1048.0
2024-05-24T08:11:16.706637Z,1572.0
2024-05-24T08:11:19.094148Z,1048.0
2024-05-24T08:11:24.254338Z,1572.0
2024-05-24T08:11:28.272476Z,24628.0
2024-05-24T08:11:31.295604Z,33536.0
2024-05-24T08:11:33.578380Z,15196.0
2024-05-24T08:11:37.016023Z,0.0
2024-05-24T08:11:39.505178Z,18864.0
2024-05-24T08:11:42.996024Z,7336.0
2024-05-24T08:11:45.522659Z,3144.0
2024-05-24T08:11:48.215798Z,1048.0
2024-05-24T08:11:50.924994Z,1572.0
2024-05-24T08:11:53.543469Z,1572.0
2024-05-24T08:11:55.996080Z,524.0
2024-05-24T08:12:00.099593Z,0.0
2024-05-24T08:12:02.252057Z,0.0
2024-05-24T08:12:04.388091Z,1572.0
2024-05-24T08:12:06.455086Z,0.0
2024-05-24T08:12:09.461596Z,0.0
2024-05-24T08:12:12.066060Z,524.0
2024-05-24T08:12:14.768968Z,2096.0
2024-05-24T08:12:17.531054Z,2096.0
2024-05-24T08:12:20.977877Z,2096.0
2024-05-24T08:12:23.340873Z,3144.0
2024-05-24T08:12:25.610467Z,4716.0
2024-05-24T08:12:27.892418Z,4716.0
2024-05-24T08:12:31.743961Z,4716.0
2024-05-24T08:12:34.109462Z,5240.0
2024-05-24T08:12:37.833129Z,3144.0
2024-05-24T08:12:42.094137Z,4192.0
2024-05-24T08:12:44.956604Z,4192.0
2024-05-24T08:12:47.699729Z,4192.0
2024-05-24T08:12:50.317620Z,6812.0
2024-05-24T08:12:53.512902Z,4716.0
2024-05-24T08:12:56.029419Z,3668.0
2024-05-24T08:12:58.595867Z,11004.0
2024-05-24T08:13:01.304200Z,6288.0
2024-05-24T08:13:04.395122Z,4192.0
2024-05-24T08:13:06.964994Z,8908.0
2024-05-24T08:13:09.621591Z,6288.0
2024-05-24T08:13:12.321168Z,4716.0
2024-05-24T08:13:15.081246Z,4192.0
2024-05-24T08:13:18.634819Z,4716.0
2024-05-24T08:13:21.144543Z,5764.0
2024-05-24T08:13:23.491426Z,4716.0
2024-05-24T08:13:25.842250Z,6288.0
2024-05-24T08:13:28.336245Z,6812.0
2024-05-24T08:13:30.907609Z,4716.0
2024-05-24T08:13:33.511388Z,0.0
2024-05-24T08:13:36.871317Z,5764.0
2024-05-24T08:13:39.445126Z,6288.0
2024-05-24T08:13:42.093952Z,5240.0
2024-05-24T08:13:45.133665Z,6288.0
2024-05-24T08:13:48.902376Z,7336.0
2024-05-24T08:13:51.732862Z,8384.0
2024-05-24T08:13:54.344715Z,8908.0
2024-05-24T08:13:57.344059Z,524.0
2024-05-24T08:14:00.382054Z,9956.0
2024-05-24T08:14:02.903429Z,11528.0
2024-05-24T08:14:05.427687Z,8384.0
2024-05-24T08:14:08.062053Z,8384.0
2024-05-24T08:14:10.772358Z,8908.0
2024-05-24T08:14:13.392134Z,8384.0
2024-05-24T08:14:16.531732Z,9432.0
2024-05-24T08:14:19.048908Z,6812.0
2024-05-24T08:14:21.622468Z,9956.0
2024-05-24T08:14:24.266345Z,12576.0
2024-05-24T08:14:26.782791Z,9432.0
2024-05-24T08:14:29.900754Z,5240.0
2024-05-24T08:14:32.592227Z,3668.0
2024-05-24T08:14:35.313213Z,3668.0
2024-05-24T08:14:38.025587Z,3144.0
2024-05-24T08:14:40.721790Z,3144.0
2024-05-24T08:14:43.908094Z,4192.0
2024-05-24T08:14:47.287013Z,4716.0
2024-05-24T08:14:49.805339Z,4192.0
2024-05-24T08:14:52.322296Z,4192.0
2024-05-24T08:14:55.504992Z,2620.0
2024-05-24T08:14:59.814415Z,1572.0
2024-05-24T08:15:03.087862Z,7336.0
2024-05-24T08:15:06.439391Z,6288.0
2024-05-24T08:15:09.197675Z,7336.0
2024-05-24T08:15:12.590739Z,6812.0
2024-05-24T08:15:15.819597Z,4716.0
2024-05-24T08:15:18.111124Z,4192.0
2024-05-24T08:15:20.564602Z,4192.0
2024-05-24T08:15:23.149493Z,4192.0
2024-05-24T08:15:25.925183Z,4716.0
2024-05-24T08:15:28.459229Z,7336.0
2024-05-24T08:15:30.960657Z,11004.0
2024-05-24T08:15:33.621763Z,11528.0
2024-05-24T08:15:36.254330Z,8384.0
2024-05-24T08:15:38.787486Z,8908.0
2024-05-24T08:15:41.371895Z,3144.0
2024-05-24T08:15:43.927395Z,7336.0
2024-05-24T08:15:46.534409Z,0.0
2024-05-24T08:15:49.121693Z,0.0
2024-05-24T08:15:51.690967Z,1048.0
2024-05-24T08:15:54.807670Z,0.0
2024-05-24T08:15:57.454254Z,2620.0
2024-05-24T08:15:59.976315Z,4192.0
2024-05-24T08:16:02.409852Z,4716.0
2024-05-24T08:16:05.555719Z,4716.0
2024-05-24T08:16:09.133849Z,9432.0
2024-05-24T08:16:11.621772Z,9956.0
2024-05-24T08:16:13.932552Z,8908.0
2024-05-24T08:16:16.387930Z,524.0
2024-05-24T08:16:18.671846Z,13100.0
2024-05-24T08:16:20.942630Z,11004.0
2024-05-24T08:16:23.160994Z,11004.0
2024-05-24T08:16:25.357203Z,12576.0
2024-05-24T08:16:27.530700Z,13100.0
2024-05-24T08:16:29.865109Z,10480.0
2024-05-24T08:16:32.262763Z,8384.0
2024-05-24T08:16:34.802648Z,9956.0
2024-05-24T08:16:37.424577Z,10480.0
2024-05-24T08:16:40.080854Z,12052.0
2024-05-24T08:16:43.065685Z,12052.0
2024-05-24T08:16:45.642818Z,19912.0
2024-05-24T08:16:48.312004Z,10480.0
2024-05-24T08:16:50.936778Z,6812.0
2024-05-24T08:16:53.614283Z,4716.0
